hugo_symbol,alteration
ABL1,amp
ABL2,amp
ACVR1B,del
ACVR2A,del
ADGRA2,del
AFDN,del
AKT1,amp
AKT2,amp
AKT3,amp
ALK,amp
AMER1,del
APC,del
AR,amp
ARAF,amp
ARID1A,del
ARID1B,del
ARID2,del
ASXL1,del
ATM,del
ATR,del
ATRX,del
AURKA,amp
AXIN1,del
AXIN2,del
B2M,del
BAP1,del
BARD1,del
BCL10,amp
BCL2,amp
BCL2L1,amp
BCL2L11,del
BCL6,amp
BCOR,del
BCORL1,del
BLM,del
BMPR1A,del
BRAF,amp
BRCA1,del
BRCA2,del
BRD4,amp
BRIP1,del
BTG1,del
BTG2,del
BTK,amp
BUB1B,del
CARD11,amp
CASP8,del
CBFB,del
CBL,del
CCND1,amp
CCND2,amp
CCND3,amp
CCNE1,amp
CD274,amp
CD79A,amp
CD79B,amp
CDC73,del
CDH1,del
CDK12,amp
CDK4,amp
CDK6,amp
CDK8,amp
CDKN1A,del
CDKN1B,del
CDKN2A,del
CDKN2B,del
CDKN2C,del
CEBPA,del
CHD2,del
CHD4,del
CHEK1,del
CHEK2,del
CIC,del
CREBBP,del
CRLF2,amp
CSF1R,amp
CTCF,del
CTNNA1,del
CTNNB1,amp
CUL3,del
CYLD,del
DAXX,del
DDR2,amp
DICER1,del
DNMT3A,del
DOT1L,amp
EGFR,amp
EP300,del
EPCAM,del
EPHA3,del
EPHA5,del
EPHA7,del
EPHB1,del
ERBB2,amp
ERBB3,amp
ERBB4,amp
ERG,amp
ESR1,amp
ETV1,amp
ETV4,amp
ETV5,amp
ETV6,del
EWSR1,del
EZH2,amp
FAM135B,del
FAM46C,del
FANCA,del
FANCC,del
FANCD2,del
FANCE,del
FANCF,del
FANCG,del
FAS,del
FBXW7,del
FGF10,amp
FGF12,amp
FGF14,amp
FGF19,amp
FGF23,amp
FGF3,amp
FGF4,amp
FGF6,amp
FGFR1,amp
FGFR2,amp
FGFR3,amp
FGFR4,amp
FH,del
FLCN,del
FLT1,amp
FLT3,amp
FLT4,amp
FOXL2,amp
FOXP1,amp
FRS2,amp
FUBP1,del
GATA1,amp
GATA2,amp
GATA3,del
GLI1,amp
GNA11,amp
GNA13,del
GNAQ,amp
GNAS,amp
GPS2,del
GREM1,amp
GRIN2A,del
H3-3B,amp
H3F3B,amp
HGF,amp
HIST1H1C,del
HLA-A,del
HLA-B,del
HLA-C,del
HNF1A,del
HRAS,amp
ID3,del
IDH1,amp
IDH2,amp
IGF1R,amp
IKZF1,del
IL7R,amp
INPP4B,del
IRF4,amp
IRS2,amp
JAK1,amp
JAK2,amp
JAK3,amp
JUN,amp
KDM5A,amp
KDM5C,del
KDM6A,del
KDR,amp
KEAP1,del
KIT,amp
KLF4,amp
KMT2A,del
KMT2B,del
KMT2C,del
KMT2D,del
KRAS,amp
LATS1,del
LATS2,del
LEF1,del
LMO1,amp
LZTR1,del
MAP2K1,amp
MAP2K2,amp
MAP2K4,del
MAP3K1,del
MAP3K13,amp
MAPK1,amp
MAX,del
MCL1,amp
MDM2,amp
MDM4,amp
MED12,del
MEF2B,amp
MEN1,del
MET,amp
MGA,del
MITF,amp
MLH1,del
MLL,del
MLL2,del
MLL3,del
MPL,amp
MRE11A,del
MSH2,del
MSH6,del
MTOR,amp
MUTYH,del
MYC,amp
MYCL,amp
MYCL1,amp
MYCN,amp
MYD88,amp
MYOD1,amp
NBN,del
NCOA3,amp
NCOR1,del
NF1,del
NF2,del
NFE2L2,amp
NFKBIA,del
NKX2-1,amp
NOTCH1,amp
NOTCH2,amp
NOTCH3,amp
NPM1,amp
NRAS,amp
NSD1,del
NT5C2,del
NTRK1,amp
NTRK2,amp
NTRK3,amp
P2RY8,del
PAX5,del
PBRM1,del
PDCD1,del
PDGFRA,amp
PDGFRB,amp
PHF6,del
PIK3CA,amp
PIK3CB,amp
PIK3CD,amp
PIK3CG,amp
PIK3R1,del
PIK3R2,amp
PIM1,amp
PLCG1,amp
PMS1,del
PMS2,del
POLD1,amp
POLE,amp
PPM1D,del
PPP2R1A,del
PPP6C,del
PRDM1,del
PREX2,del
PRKAR1A,del
PTCH1,del
PTEN,del
PTPN11,amp
PTPRD,del
PTPRS,del
RAD21,amp
RAD50,del
RAD51,del
RAD51B,del
RAD51C,del
RAD51D,del
RAF1,amp
RARA,amp
RB1,del
RBM10,del
RET,amp
RHEB,amp
RHOA,del
RICTOR,amp
RIT1,amp
RNF43,del
ROS1,amp
RPTOR,del
RUNX1,del
RXRA,amp
SDHA,del
SDHB,del
SDHC,del
SDHD,del
SETD2,del
SF3B1,amp
SMAD2,del
SMAD4,del
SMARCA4,del
SMARCB1,del
SMARCD1,del
SMO,amp
SOCS1,del
SOX17,del
SOX2,amp
SOX9,amp
SPEN,del
SPOP,del
SRC,amp
SRSF2,del
STAG2,del
STAT3,amp
STK11,del
SUFU,del
SUZ12,del
SYK,del
TAF1,del
TBX3,amp
TCF3,del
TCF7L2,del
TERT,amp
TET1,del
TET2,del
TGFBR2,del
TMPRSS2,del
TNFAIP3,del
TNFRSF14,del
TOP1,amp
TOP2A,amp
TP53,del
TP63,amp
TRAF7,amp
TSC1,del
TSC2,del
TSHR,amp
U2AF1,del
VHL,del
WT1,del
XPO1,amp
XRCC2,del
ZBTB2,del
ZFHX3,del
ZNF217,amp
ZNF703,amp
